Project Length,5
CRF,0.1
Annual Capture Amount (MTCO2/yr),95.0
Total Cost ($M/yr),6127.686037376001
Capture Cost ($M/yr),5640.079110000001
Transport Cost ($M/yr),217.99982737599996
Storage Cost ($M/yr),269.6071

Source,Capture Amount (MTCO2/yr),Capture Cost ($M/yr)
12,5.319,413.12673000000007
11,3.096,213.71688
10,17.928,1430.6544
6,17.901,646.58412
4,4.635,333.2565
19,2.529,173.79288000000003
1,3.8030000000000017,311.5797900000001
18,4.059,294.76458
5,2.034,136.40004
2,7.236,419.688
16,20.331,852.07221
17,6.129,414.44298

Sink,Storage Amount (MTCO2/yr),Storage Cost ($M/yr)
6,31.212000000000003,88.32996000000001
5,7.236,19.826639999999998
7,25.65,71.0505
4,16.244666666666667,46.13485333333333
3,14.657333333333334,44.265146666666666

Edge Source,Edge Sink,Amount (MTCO2/yr),Transport Cost ($M/yr)
471474,480732,25.65,null
581660,580341,12.441666666666666,null
205577,209527,4.059,null
341295,346579,24.57,null
161974,171222,21.024,null
373359,622999,31.212000000000003,96.78136422
176239,177561,4.635,null
241059,243696,7.236,null
205578,205577,4.059,null
177561,180218,4.635,null
659524,659530,2.529,null
239737,241059,7.236,null
648113,649437,31.212000000000003,4.9110850399999855
346579,358468,24.57,null
593579,584326,3.8030000000000017,null
649437,657366,31.212000000000003,3.700194339999989
248042,250684,25.65,null
243696,254257,7.235999999999999,null
267887,471474,25.65,null
646791,648113,31.212000000000003,0.660922319999998
250684,267887,25.65,null
270438,269118,20.331,null
577696,581660,24.57,null
212167,213487,25.083000000000002,0.6847683800000032
625440,641280,7.236,null
80029,87961,3.096,null
209527,212167,25.083000000000002,1.48061036
99895,106500,17.928,3.8043454080000005
106500,161974,17.928,23.691368208
394128,577696,24.57,null
180218,229069,22.536,null
171222,209527,21.024,null
178898,180218,17.901,null
622999,624321,31.212000000000003,0.5644692600000001
581660,608066,12.128333333333334,null
87961,161974,3.096,null
664847,670134,14.657333333333334,null
618626,662206,12.128333333333334,null
269118,245397,20.331,null
608066,618626,12.128333333333334,null
213487,373359,31.212000000000003,70.91222176
662206,664847,14.657333333333334,null
624321,646791,31.212000000000003,10.80847808
254257,625440,7.236000000000001,null
358468,394128,24.57,null
684605,663482,2.529,null
663482,659524,2.529,null
584326,580341,3.803000000000001,null
594899,593579,3.8030000000000017,null
659530,662190,2.5290000000000004,null
229069,341295,22.536,null
245397,248042,20.331,null
662190,662206,2.5290000000000004,null
670134,674100,14.657333333333334,null
